{
  "hash": "76f72240",
  "configHash": "146cec98",
  "lockfileHash": "baab86b3",
  "browserHash": "5c079561",
  "optimized": {
    "@angular/common": {
      "src": "../../../../../../node_modules/@angular/common/fesm2022/common.mjs",
      "file": "@angular_common.js",
      "fileHash": "8b3e4f06",
      "needsInterop": false
    },
    "@angular/common/http": {
      "src": "../../../../../../node_modules/@angular/common/fesm2022/http.mjs",
      "file": "@angular_common_http.js",
      "fileHash": "5fb2b818",
      "needsInterop": false
    },
    "@angular/core": {
      "src": "../../../../../../node_modules/@angular/core/fesm2022/core.mjs",
      "file": "@angular_core.js",
      "fileHash": "fed11f46",
      "needsInterop": false
    },
    "@angular/forms": {
      "src": "../../../../../../node_modules/@angular/forms/fesm2022/forms.mjs",
      "file": "@angular_forms.js",
      "fileHash": "fdc9a73f",
      "needsInterop": false
    },
    "@angular/material/button": {
      "src": "../../../../../../node_modules/@angular/material/fesm2022/button.mjs",
      "file": "@angular_material_button.js",
      "fileHash": "1dd03557",
      "needsInterop": false
    },
    "@angular/material/core": {
      "src": "../../../../../../node_modules/@angular/material/fesm2022/core.mjs",
      "file": "@angular_material_core.js",
      "fileHash": "85a50ac0",
      "needsInterop": false
    },
    "@angular/material/datepicker": {
      "src": "../../../../../../node_modules/@angular/material/fesm2022/datepicker.mjs",
      "file": "@angular_material_datepicker.js",
      "fileHash": "a1cb0eef",
      "needsInterop": false
    },
    "@angular/material/form-field": {
      "src": "../../../../../../node_modules/@angular/material/fesm2022/form-field.mjs",
      "file": "@angular_material_form-field.js",
      "fileHash": "5379af97",
      "needsInterop": false
    },
    "@angular/material/icon": {
      "src": "../../../../../../node_modules/@angular/material/fesm2022/icon.mjs",
      "file": "@angular_material_icon.js",
      "fileHash": "e13999ff",
      "needsInterop": false
    },
    "@angular/material/input": {
      "src": "../../../../../../node_modules/@angular/material/fesm2022/input.mjs",
      "file": "@angular_material_input.js",
      "fileHash": "c1127321",
      "needsInterop": false
    },
    "@angular/material/menu": {
      "src": "../../../../../../node_modules/@angular/material/fesm2022/menu.mjs",
      "file": "@angular_material_menu.js",
      "fileHash": "a7482d68",
      "needsInterop": false
    },
    "@angular/material/paginator": {
      "src": "../../../../../../node_modules/@angular/material/fesm2022/paginator.mjs",
      "file": "@angular_material_paginator.js",
      "fileHash": "84defe44",
      "needsInterop": false
    },
    "@angular/material/select": {
      "src": "../../../../../../node_modules/@angular/material/fesm2022/select.mjs",
      "file": "@angular_material_select.js",
      "fileHash": "b52bae1a",
      "needsInterop": false
    },
    "@angular/material/table": {
      "src": "../../../../../../node_modules/@angular/material/fesm2022/table.mjs",
      "file": "@angular_material_table.js",
      "fileHash": "35d0efdb",
      "needsInterop": false
    },
    "@angular/material/toolbar": {
      "src": "../../../../../../node_modules/@angular/material/fesm2022/toolbar.mjs",
      "file": "@angular_material_toolbar.js",
      "fileHash": "2c39f893",
      "needsInterop": false
    },
    "@angular/platform-browser": {
      "src": "../../../../../../node_modules/@angular/platform-browser/fesm2022/platform-browser.mjs",
      "file": "@angular_platform-browser.js",
      "fileHash": "fee193f5",
      "needsInterop": false
    },
    "@angular/platform-browser/animations/async": {
      "src": "../../../../../../node_modules/@angular/platform-browser/fesm2022/animations/async.mjs",
      "file": "@angular_platform-browser_animations_async.js",
      "fileHash": "5d808cbc",
      "needsInterop": false
    },
    "@angular/platform-server": {
      "src": "../../../../../../node_modules/@angular/platform-server/fesm2022/platform-server.mjs",
      "file": "@angular_platform-server.js",
      "fileHash": "574d089c",
      "needsInterop": false
    },
    "@angular/router": {
      "src": "../../../../../../node_modules/@angular/router/fesm2022/router.mjs",
      "file": "@angular_router.js",
      "fileHash": "1d57d3d6",
      "needsInterop": false
    },
    "chart.js": {
      "src": "../../../../../../node_modules/chart.js/dist/chart.js",
      "file": "chart__js.js",
      "fileHash": "68fecbdb",
      "needsInterop": false
    },
    "ng2-charts": {
      "src": "../../../../../../node_modules/ng2-charts/fesm2022/ng2-charts.mjs",
      "file": "ng2-charts.js",
      "fileHash": "f0d364b3",
      "needsInterop": false
    },
    "rxjs": {
      "src": "../../../../../../node_modules/rxjs/dist/cjs/index.js",
      "file": "rxjs.js",
      "fileHash": "5dcd3b7b",
      "needsInterop": true
    },
    "rxjs/operators": {
      "src": "../../../../../../node_modules/rxjs/dist/cjs/operators/index.js",
      "file": "rxjs_operators.js",
      "fileHash": "e9892911",
      "needsInterop": true
    }
  },
  "chunks": {
    "xhr2-ISERFGGE": {
      "file": "xhr2-ISERFGGE.js"
    },
    "chunk-3QFIJMUO": {
      "file": "chunk-3QFIJMUO.js"
    },
    "browser-IDQCQB7L": {
      "file": "browser-IDQCQB7L.js"
    },
    "chunk-MG7SGC6M": {
      "file": "chunk-MG7SGC6M.js"
    },
    "chunk-4VQVYVKO": {
      "file": "chunk-4VQVYVKO.js"
    },
    "chunk-JYHDY7OL": {
      "file": "chunk-JYHDY7OL.js"
    },
    "chunk-P426ZFYR": {
      "file": "chunk-P426ZFYR.js"
    },
    "chunk-3QKY35MH": {
      "file": "chunk-3QKY35MH.js"
    },
    "chunk-43RAHPYQ": {
      "file": "chunk-43RAHPYQ.js"
    },
    "chunk-IUBO66KY": {
      "file": "chunk-IUBO66KY.js"
    },
    "chunk-7QPNFN5W": {
      "file": "chunk-7QPNFN5W.js"
    },
    "chunk-3FSYM46O": {
      "file": "chunk-3FSYM46O.js"
    },
    "chunk-UJPLAMVR": {
      "file": "chunk-UJPLAMVR.js"
    },
    "chunk-XRT4DP3A": {
      "file": "chunk-XRT4DP3A.js"
    },
    "chunk-QCQDJT7D": {
      "file": "chunk-QCQDJT7D.js"
    },
    "chunk-KKRJ4LPL": {
      "file": "chunk-KKRJ4LPL.js"
    },
    "chunk-6ZFWCITV": {
      "file": "chunk-6ZFWCITV.js"
    },
    "chunk-5IW5ZEPE": {
      "file": "chunk-5IW5ZEPE.js"
    },
    "chunk-UOPINYA3": {
      "file": "chunk-UOPINYA3.js"
    },
    "chunk-RPWZ4CMX": {
      "file": "chunk-RPWZ4CMX.js"
    },
    "chunk-NQ4HTGF6": {
      "file": "chunk-NQ4HTGF6.js"
    }
  }
}