{
  "hash": "bdfa78ad",
  "configHash": "c22024e8",
  "lockfileHash": "baab86b3",
  "browserHash": "be6660ce",
  "optimized": {
    "@angular/common": {
      "src": "../../../../../../node_modules/@angular/common/fesm2022/common.mjs",
      "file": "@angular_common.js",
      "fileHash": "b8f3d51c",
      "needsInterop": false
    },
    "@angular/common/http": {
      "src": "../../../../../../node_modules/@angular/common/fesm2022/http.mjs",
      "file": "@angular_common_http.js",
      "fileHash": "1807447c",
      "needsInterop": false
    },
    "@angular/core": {
      "src": "../../../../../../node_modules/@angular/core/fesm2022/core.mjs",
      "file": "@angular_core.js",
      "fileHash": "46ccbbb2",
      "needsInterop": false
    },
    "@angular/forms": {
      "src": "../../../../../../node_modules/@angular/forms/fesm2022/forms.mjs",
      "file": "@angular_forms.js",
      "fileHash": "20e0880c",
      "needsInterop": false
    },
    "@angular/material/button": {
      "src": "../../../../../../node_modules/@angular/material/fesm2022/button.mjs",
      "file": "@angular_material_button.js",
      "fileHash": "ef5b66b7",
      "needsInterop": false
    },
    "@angular/material/core": {
      "src": "../../../../../../node_modules/@angular/material/fesm2022/core.mjs",
      "file": "@angular_material_core.js",
      "fileHash": "49901db9",
      "needsInterop": false
    },
    "@angular/material/datepicker": {
      "src": "../../../../../../node_modules/@angular/material/fesm2022/datepicker.mjs",
      "file": "@angular_material_datepicker.js",
      "fileHash": "ec4e1b04",
      "needsInterop": false
    },
    "@angular/material/form-field": {
      "src": "../../../../../../node_modules/@angular/material/fesm2022/form-field.mjs",
      "file": "@angular_material_form-field.js",
      "fileHash": "bd06b2ec",
      "needsInterop": false
    },
    "@angular/material/icon": {
      "src": "../../../../../../node_modules/@angular/material/fesm2022/icon.mjs",
      "file": "@angular_material_icon.js",
      "fileHash": "c2110a4e",
      "needsInterop": false
    },
    "@angular/material/input": {
      "src": "../../../../../../node_modules/@angular/material/fesm2022/input.mjs",
      "file": "@angular_material_input.js",
      "fileHash": "6d2a906a",
      "needsInterop": false
    },
    "@angular/material/menu": {
      "src": "../../../../../../node_modules/@angular/material/fesm2022/menu.mjs",
      "file": "@angular_material_menu.js",
      "fileHash": "7146f5c4",
      "needsInterop": false
    },
    "@angular/material/paginator": {
      "src": "../../../../../../node_modules/@angular/material/fesm2022/paginator.mjs",
      "file": "@angular_material_paginator.js",
      "fileHash": "c40e6e10",
      "needsInterop": false
    },
    "@angular/material/select": {
      "src": "../../../../../../node_modules/@angular/material/fesm2022/select.mjs",
      "file": "@angular_material_select.js",
      "fileHash": "30a35878",
      "needsInterop": false
    },
    "@angular/material/table": {
      "src": "../../../../../../node_modules/@angular/material/fesm2022/table.mjs",
      "file": "@angular_material_table.js",
      "fileHash": "d47cd49e",
      "needsInterop": false
    },
    "@angular/material/toolbar": {
      "src": "../../../../../../node_modules/@angular/material/fesm2022/toolbar.mjs",
      "file": "@angular_material_toolbar.js",
      "fileHash": "df74c5ca",
      "needsInterop": false
    },
    "@angular/platform-browser": {
      "src": "../../../../../../node_modules/@angular/platform-browser/fesm2022/platform-browser.mjs",
      "file": "@angular_platform-browser.js",
      "fileHash": "c77cd5ea",
      "needsInterop": false
    },
    "@angular/platform-browser/animations/async": {
      "src": "../../../../../../node_modules/@angular/platform-browser/fesm2022/animations/async.mjs",
      "file": "@angular_platform-browser_animations_async.js",
      "fileHash": "4c91db3c",
      "needsInterop": false
    },
    "@angular/router": {
      "src": "../../../../../../node_modules/@angular/router/fesm2022/router.mjs",
      "file": "@angular_router.js",
      "fileHash": "39201284",
      "needsInterop": false
    },
    "chart.js": {
      "src": "../../../../../../node_modules/chart.js/dist/chart.js",
      "file": "chart__js.js",
      "fileHash": "23c8c7b5",
      "needsInterop": false
    },
    "ng2-charts": {
      "src": "../../../../../../node_modules/ng2-charts/fesm2022/ng2-charts.mjs",
      "file": "ng2-charts.js",
      "fileHash": "8872ced5",
      "needsInterop": false
    },
    "rxjs": {
      "src": "../../../../../../node_modules/rxjs/dist/esm5/index.js",
      "file": "rxjs.js",
      "fileHash": "d5c0c322",
      "needsInterop": false
    },
    "rxjs/operators": {
      "src": "../../../../../../node_modules/rxjs/dist/esm5/operators/index.js",
      "file": "rxjs_operators.js",
      "fileHash": "48a9ccdc",
      "needsInterop": false
    }
  },
  "chunks": {
    "chunk-IUDTSDBB": {
      "file": "chunk-IUDTSDBB.js"
    },
    "browser-BC22IQWV": {
      "file": "browser-BC22IQWV.js"
    },
    "chunk-7ANLYX27": {
      "file": "chunk-7ANLYX27.js"
    },
    "chunk-AHR2KOK7": {
      "file": "chunk-AHR2KOK7.js"
    },
    "chunk-U6NMLMAW": {
      "file": "chunk-U6NMLMAW.js"
    },
    "chunk-OXLBOOVN": {
      "file": "chunk-OXLBOOVN.js"
    },
    "chunk-7PD7PRX5": {
      "file": "chunk-7PD7PRX5.js"
    },
    "chunk-CT3PQLLD": {
      "file": "chunk-CT3PQLLD.js"
    },
    "chunk-BORNX5X2": {
      "file": "chunk-BORNX5X2.js"
    },
    "chunk-MCHHPREQ": {
      "file": "chunk-MCHHPREQ.js"
    },
    "chunk-7HR2P5MZ": {
      "file": "chunk-7HR2P5MZ.js"
    },
    "chunk-OGB5QJRD": {
      "file": "chunk-OGB5QJRD.js"
    },
    "chunk-4XCMFOR4": {
      "file": "chunk-4XCMFOR4.js"
    },
    "chunk-YDH5J5RV": {
      "file": "chunk-YDH5J5RV.js"
    },
    "chunk-BQSIGNSM": {
      "file": "chunk-BQSIGNSM.js"
    },
    "chunk-6XISFZPP": {
      "file": "chunk-6XISFZPP.js"
    },
    "chunk-WNPMEE2K": {
      "file": "chunk-WNPMEE2K.js"
    },
    "chunk-OGW7HQS4": {
      "file": "chunk-OGW7HQS4.js"
    },
    "chunk-WDMUDEB6": {
      "file": "chunk-WDMUDEB6.js"
    }
  }
}